{
    "name": "ERGO57",
    "vendorId": "0xA8FC",
    "productId": "0xA21D",
    "lighting": "none",
    "matrix": {
        "rows": 12,
        "cols": 7
    },
    "layouts": {
        "keymap": [
          [
            {
              "x": 3.5
            },
            "0,3",
            {
              "x": 11.25
            },
            "6,3"
          ],
          [
            {
              "y": -0.875,
              "x": 2.5
            },
            "0,2",
            {
              "x": 1
            },
            "0,4"
          ],
          [
            {
              "y": -0.995,
              "x": 14.75
            },
            "6,4",
            {
              "x": 1
            },
            "6,2"
          ],
          [
            {
              "y": -0.8799999999999999,
              "x": 5.5
            },
            "0,5",
            "0,6",
            {
              "x": 5.25
            },
            "6,6",
            "6,5"
          ],
          [
            {
              "y": -0.875,
              "w": 1.5
            },
            "0,0",
            "0,1"
          ],
          [
            {
              "y": -0.995,
              "x": 17.75
            },
            "6,1",
            {
              "w": 1.5
            },
            "6,0"
          ],
          [
            {
              "y": -0.3799999999999999,
              "x": 3.5
            },
            "1,3",
            {
              "x": 11.25
            },
            "7,3"
          ],
          [
            {
              "y": -0.8700000000000001,
              "x": 2.5
            },
            "1,2",
            {
              "x": 1
            },
            "1,4",
            {
              "x": 9.25
            },
            "7,4",
            {
              "x": 1
            },
            "7,2"
          ],
          [
            {
              "y": -0.8799999999999999,
              "x": 5.5
            },
            "1,5",
            "1,6",
            {
              "x": 5.25
            },
            "7,6",
            "7,5"
          ],
          [
            {
              "y": -0.8700000000000001,
              "w": 1.5
            },
            "1,0",
            "1,1",
            {
              "x": 15.25
            },
            "7,1",
            {
              "w": 1.5
            },
            "7,0"
          ],
          [
            {
              "y": -0.3799999999999999,
              "x": 3.5
            },
            "2,3",
            {
              "x": 11.25
            },
            "8,3"
          ],
          [
            {
              "y": -0.8700000000000001,
              "x": 2.5
            },
            "2,2",
            {
              "x": 1
            },
            "2,4",
            {
              "x": 9.25
            },
            "8,4",
            {
              "x": 1
            },
            "8,2"
          ],
          [
            {
              "y": -0.8799999999999999,
              "x": 5.5
            },
            "2,5",
            "2,6",
            {
              "x": 5.25
            },
            "8,6",
            "8,5"
          ],
          [
            {
              "y": -0.8700000000000001,
              "w": 1.5
            },
            "2,0",
            "2,1",
            {
              "x": 15.25
            },
            "8,1",
            {
              "w": 1.5
            },
            "8,0"
          ],
          [
            {
              "y": -0.3799999999999999,
              "x": 3.5
            },
            "3,3",
            {
              "x": 11.25
            },
            "9,3"
          ],
          [
            {
              "y": -0.8700000000000001,
              "x": 2.5
            },
            "3,2",
            {
              "x": 1
            },
            "3,4",
            {
              "x": 9.25
            },
            "9,4",
            {
              "x": 1
            },
            "9,2"
          ],
          [
            {
              "y": -0.8799999999999999,
              "x": 5.5
            },
            "3,5",
            {
              "x": 7.25
            },
            "9,5"
          ],
          [
            {
              "y": -0.8700000000000001,
              "w": 1.5
            },
            "3,0",
            "3,1",
            {
              "x": 15.25
            },
            "9,1",
            {
              "w": 1.5
            },
            "9,0"
          ],
          [
            {
              "y": -0.3799999999999999,
              "x": 3.5
            },
            "4,3",
            {
              "x": 11.25
            },
            "10,3"
          ],
          [
            {
              "y": -0.8700000000000001,
              "x": 2.5
            },
            "4,2",
            {
              "x": 13.25
            },
            "10,2"
          ],
          [
            {
              "y": -0.75,
              "x": 0.5
            },
            "4,0",
            "4,1",
            {
              "x": 15.25
            },
            "10,1",
            "10,0"
          ],
          [
            {
              "r": 15,
              "rx": 6.5,
              "ry": 4.25,
              "y": 1.75,
              "x": 2
            },
            "5,4",
            "5,5"
          ],
          [
            {
              "x": 2
            },
            "5,2",
            "5,3"
          ],
          [
            {
              "r": 30,
              "y": -4.25,
              "x": 1.5,
              "h": 1.5
            },
            "4,5"
          ],
          [
            {
              "y": -0.75,
              "x": 0.5,
              "h": 1.5
            },
            "4,4"
          ],
          [
            {
              "r": -30,
              "rx": 13,
              "x": -1.75,
              "h": 1.5
            },
            "10,5"
          ],
          [
            {
              "y": -0.75,
              "x": -0.75,
              "h": 1.5
            },
            "10,4"
          ],
          [
            {
              "r": -15,
              "y": 0.75,
              "x": -2.75
            },
            "11,5",
            "11,4"
          ],
          [
            {
              "x": -2.75
            },
            "11,3",
            "11,2"
          ]
          ]
    }
}
